"ResponseId","Gender","Age","Education","LocationLatitude","LocationLongitude","instr_enthusiasm","instr_professional","instr_subject","instr_material","instr_rating","subject_1","subject_2","subject_3","subject_4","video_watched","assigned","assignment","ques_1","ques_2","ques_3","ques_4","quiz_avg","avg_rating"
"R_2WC5vlB2DCvHHrH","Male","30-40","Bachelors degree",52.36689758,4.951705933,3,4,4,4,4,"All of the above","Both A & B","Python is an object oriented programming language","Easy to Learn","Video1-1(Treatment)",1,"Treatment",1,1,0,0,0.5,3.75
"R_x2RQnFD8LZIZuRH","Female","40-50","Associates degree",36.99040222,-85.92389679,4,4,4,4,4,"Web Applications","Both A & B","Python is a compiled programming language with a faster and more efficient execution time than interpreted programming languages","Great Advanced Language","Video3-2(Control)",0,"Control",0,1,1,1,0.75,4
"R_O9f8Af9asil81DH","Female","30-40","Some College No degree",27.99290466,-82.40299988,1,4,3,2,4,"Web Applications","C. A low level implementation programming language","Python is an object oriented programming language","Easy to Learn","Video2-2(Control)",0,"Control",0,0,0,0,0,2.75
"R_3oTqFe6v8l4jV0p","Female","30-40","Some College No degree",36.83070374,-76.31459808,2,2,2,2,2,"Web Applications","B. A flexible programming language","Python was created by Guido van Rossum in 1991","Wonderful Community","Video2-1(Treatment)",1,"Treatment",0,0,0,0,0,2
"R_0ePUcdKMDE2jNe1","Female","30-40","Bachelors degree",39.30369568,-94.93219757,3,1,1,3,2,"Artificial intelligence projects","B. A flexible programming language","Python was created by Guido van Rossum in 1991","Wonderful Community","Video1-2(Control)",0,"Control",0,0,0,0,0,2.25
"R_2owAeGSUxdN9fQR","Female","40-50","Associates degree",44.14149475,-103.2052002,4,4,5,4,4,"Web Applications","B. A flexible programming language","Python is an object oriented programming language","Wonderful Community","Video2-2(Control)",0,"Control",0,0,0,0,0,4
"R_3MR7piXWpVNth0P","Female","30-40","Some College No degree",38.88420105,-76.99410248,3,3,3,3,3,"All of the above","All of the above","Python is an interpreted programming language","Great Starter Language","Video3-2(Control)",0,"Control",1,0,0,0,0.25,3
"R_2OOrkWDRLnqso6u","Female","50+","Some College No degree",42.55799866,-82.9980011,3,3,4,4,4,"All of the above","Both A & B","Python was created by Guido van Rossum in 1991","Great Advanced Language","Video1-1(Treatment)",1,"Treatment",1,1,0,1,0.75,3.5
"R_1IlSEHB9NqCZREX","Female","30-40","Less than High school",41.44529724,-81.69909668,3,3,3,1,2,"All of the above","Both A & B","Python is an interpreted programming language","Easy to Learn","Video3-1(Treatment)",1,"Treatment",1,1,0,0,0.5,2.25
"R_2DOCQLwZmHAitIO","Male","30-40","High school diploma",42.35620117,-71.06310272,3,4,5,5,4,"All of the above","Both A & B","Python was created by Guido van Rossum in 1991","Wonderful Community","Video2-1(Treatment)",1,"Treatment",1,1,0,0,0.5,4
"R_1CefRz8JH3pLb8L","Female","50+","High school diploma",38.54910278,-90.16010284,3,3,4,5,4,"Web Applications","A. A programming language designed to be human readable","Python is a compiled programming language with a faster and more efficient execution time than interpreted programming languages","Easy to Learn","Video2-2(Control)",0,"Control",0,0,1,0,0.25,3.75
"R_331rpTOYIzpvIGD","Female","20-30","Some College No degree",28.63439941,-81.62210083,3,3,3,3,3,"All of the above","All of the above","Python is a compiled programming language with a faster and more efficient execution time than interpreted programming languages","Great Advanced Language","Video1-2(Control)",0,"Control",1,0,1,1,0.75,3
"R_239tNg4U2X8tSz0","Female","30-40","Some College No degree",46.57780457,-87.4552002,3,4,4,3,3,"All of the above","Both A & B","Python is an object oriented programming language","Great Advanced Language","Video1-1(Treatment)",1,"Treatment",1,1,0,1,0.75,3.25
"R_2VqBPnSlvFQGJEG","Female","30-40","Associates degree",28.80099487,-81.73400116,2,5,4,2,3,"All of the above","Both A & B","Python is an object oriented programming language","Wonderful Community","Video2-2(Control)",0,"Control",1,1,0,0,0.5,3
"R_2PvBbSNMElXjQhn","Male","20-30","High school diploma",41.35710144,-72.93340302,3,4,3,3,3,"All of the above","Both A & B","Python is an object oriented programming language","Wonderful Community","Video3-2(Control)",0,"Control",1,1,0,0,0.5,3.25
"R_3MassJuUEP7PG7v","Female","20-30","Some College No degree",39.70379639,-91.38410187,2,5,5,4,3,"All of the above","Both A & B","Python was created by Guido van Rossum in 1991","Great Advanced Language","Video1-1(Treatment)",1,"Treatment",1,1,0,1,0.75,3.5
"R_3DbwV06tlwIdrUD","Female","30-40","Some College No degree",35.229599,-80.84300232,2,4,5,5,2,"Web Applications","A. A programming language designed to be human readable","Python was created by Guido van Rossum in 1991","Great Starter Language","Video3-1(Treatment)",1,"Treatment",0,0,0,0,0,3.25
"R_1dzRLLSCfZui1Ra","Female","40-50","High school diploma",35.09559631,-85.17690277,3,3,3,3,3,"Web Applications","Both A & B","Python is an interpreted programming language","Great Starter Language","Video1-1(Treatment)",1,"Treatment",0,1,0,0,0.25,3
"R_2DT83Yid4SlCHtB","Female","40-50","Some College No degree",41.82330322,-71.44100189,3,4,4,4,3,"Artificial intelligence projects","B. A flexible programming language","Python was created by Guido van Rossum in 1991","Easy to Learn","Video1-2(Control)",0,"Control",0,0,0,0,0,3.5
"R_3oSG0wyZ18nP2r9","Male","50+","High school diploma",35.05969238,-79.00579834,5,4,4,4,4,"All of the above","All of the above","Python is an object oriented programming language","Wonderful Community","Video3-2(Control)",0,"Control",1,0,0,0,0.25,4.25
"R_2X4fOV9LuSG95DB","Female","50+","Some College No degree",35.00439453,-82.43099976,1,4,4,4,4,"All of the above","Both A & B","Python was created by Guido van Rossum in 1991","Great Advanced Language","Video1-2(Control)",0,"Control",1,1,0,1,0.75,3.25
"R_1rwzJoNwkZ535jD","Female","40-50","Less than High school",37.2696991,-81.22119904,4,5,5,5,5,"All of the above","Both A & B","Python is an object oriented programming language","Great Advanced Language","Video2-1(Treatment)",1,"Treatment",1,1,0,1,0.75,4.75
"R_33yj1yO3qPNJqLp","Female","30-40","Associates degree",41.55070496,-87.61229706,3,3,3,4,3,"Web Applications","C. A low level implementation programming language","Python is an object oriented programming language","Great Starter Language","Video2-1(Treatment)",1,"Treatment",0,0,0,0,0,3.25
"R_3qkytmpoCIrI1O5","Male","20-30","Associates degree",42.38160706,-88.00260162,5,5,5,5,5,"All of the above","Both A & B","Python is a compiled programming language with a faster and more efficient execution time than interpreted programming languages","Great Starter Language","Video1-1(Treatment)",1,"Treatment",1,1,1,0,0.75,5
"R_77B1CCalj909Mo9","Male","40-50","High school diploma",29.9980011,-90.21330261,4,4,4,4,4,"All of the above","A. A programming language designed to be human readable","Python is an interpreted programming language","Wonderful Community","Video3-2(Control)",0,"Control",1,0,0,0,0.25,4
"R_2PBGB8BTYt6yYrS","Female","40-50","Some College No degree",29.7519989,-95.34300232,3,4,4,4,4,"All of the above","All of the above","Python is an object oriented programming language","Easy to Learn","Video3-2(Control)",0,"Control",1,0,0,0,0.25,3.75
"R_3NyLiKxryq35KV6","Female","20-30","High school diploma",34.07820129,-84.64849854,1,4,5,5,4,"All of the above","Both A & B","Python was created by Guido van Rossum in 1991","Great Advanced Language","Video2-2(Control)",0,"Control",1,1,0,1,0.75,3.5
"R_WlcDnxvlpI6OWD7","Female","30-40","Masters degree",36.66419983,-87.42079926,5,4,4,4,4,"Web Applications","Both A & B","Python is an interpreted programming language","Great Advanced Language","Video3-1(Treatment)",1,"Treatment",0,1,0,1,0.5,4.25
"R_3NFniXuy2Z6mUj0","Female","30-40","Masters degree",33.71530151,-84.33119965,4,4,5,3,3,"Artificial intelligence projects","A. A programming language designed to be human readable","Python is a compiled programming language with a faster and more efficient execution time than interpreted programming languages","Wonderful Community","Video2-1(Treatment)",1,"Treatment",0,0,1,0,0.25,3.5
"R_1NsjBpX2CSNy5Xl","Female","30-40","Associates degree",45.60800171,-84.48670197,4,4,4,4,4,"All of the above","Both A & B","Python is a compiled programming language with a faster and more efficient execution time than interpreted programming languages","Easy to Learn","Video2-2(Control)",0,"Control",1,1,1,0,0.75,4
"R_2vk3X2OIIEAlmah","Female","30-40","Some College No degree",28.54359436,-81.37380219,3,3,3,3,3,"All of the above","Both A & B","Python is a compiled programming language with a faster and more efficient execution time than interpreted programming languages","Great Advanced Language","Video1-1(Treatment)",1,"Treatment",1,1,1,1,1,3
"R_12xpckGMu1C2x5Y","Female","30-40","Bachelors degree",40.74180603,-74.22360229,3,2,2,2,2,"All of the above","All of the above","Python is a compiled programming language with a faster and more efficient execution time than interpreted programming languages","Great Advanced Language","Video3-2(Control)",0,"Control",1,0,1,1,0.75,2.25
"R_1Qhf9p9LDXHXYNg","Male","30-40","High school diploma",35.48249817,-86.46289825,5,5,5,5,5,"All of the above","Both A & B","Python is a compiled programming language with a faster and more efficient execution time than interpreted programming languages","Great Starter Language","Video2-2(Control)",0,"Control",1,1,1,0,0.75,5
"R_31YQcDwQ9WIHCDb","Female","20-30","Associates degree",40.69500732,-73.79100037,3,4,3,3,4,"Web Applications","Both A & B","Python was created by Guido van Rossum in 1991","Great Starter Language","Video1-2(Control)",0,"Control",0,1,0,0,0.25,3.5
"R_3dYPVwgN6gCSSn8","Male","30-40","High school diploma",43.21679688,-75.45349884,4,5,5,5,5,"All of the above","All of the above","Python is an interpreted programming language","Easy to Learn","Video3-2(Control)",0,"Control",1,0,0,0,0.25,4.75
"R_3q7L4ifExGjSPPW","Female","30-40","Some College No degree",41.89860535,-87.73799896,3,4,4,3,3,"All of the above","B. A flexible programming language","Python is an object oriented programming language","Great Starter Language","Video1-1(Treatment)",1,"Treatment",1,0,0,0,0.25,3.25
"R_2UbX2nM36Lyr70a","Female","40-50","Masters degree",35.84370422,-86.38809967,4,4,4,4,4,"All of the above","All of the above","Python is a compiled programming language with a faster and more efficient execution time than interpreted programming languages","Easy to Learn","Video3-1(Treatment)",1,"Treatment",1,0,1,0,0.5,4
"R_116j02IbOIG3wDN","Male","30-40","High school diploma",25.85020447,-80.23670197,4,1,3,2,2,"Web Applications","C. A low level implementation programming language","Python was created by Guido van Rossum in 1991","Wonderful Community","Video2-2(Control)",0,"Control",0,0,0,0,0,2.25
"R_swm7NJwu4ZEgfAt","Female","40-50","High school diploma",42.65820313,-71.30580139,3,3,3,3,3,"Web Applications","Both A & B","Python is an object oriented programming language","Great Advanced Language","Video2-1(Treatment)",1,"Treatment",0,1,0,1,0.5,3
"R_1gUVofk8qLf1aN8","Female","30-40","Bachelors degree",28.63439941,-81.62210083,1,4,4,3,3,"All of the above","All of the above","Python is an object oriented programming language","Great Advanced Language","Video1-2(Control)",0,"Control",1,0,0,1,0.5,2.75
"R_2yjFvH9su58a9Pg","Female","50+","Bachelors degree",41.89570618,-87.9434967,2,4,2,4,3,"Web Applications","Both A & B","Python is an interpreted programming language","Easy to Learn","Video2-1(Treatment)",1,"Treatment",0,1,0,0,0.25,3.25
"R_4TTrsOo4OMoGVod","Male","40-50","Some College No degree",38.91720581,-77.07089996,4,4,4,4,4,"All of the above","All of the above","Python is an object oriented programming language","Great Advanced Language","Video1-1(Treatment)",1,"Treatment",1,0,0,1,0.5,4
"R_PG7VifxL8A4h3fb","Female","30-40","Bachelors degree",32.07730103,-81.09010315,1,3,3,2,2,"Web Applications","A. A programming language designed to be human readable","Python is an object oriented programming language","Easy to Learn","Video3-2(Control)",0,"Control",0,0,0,0,0,2
"R_PRSjaSZdnx5EcBr","Male","20-30","Some College No degree",35.229599,-80.84300232,2,3,5,2,4,"Web Applications","Both A & B","Python is an object oriented programming language","Wonderful Community","Video3-1(Treatment)",1,"Treatment",0,1,0,0,0.25,2.75
"R_cO9a7DXPZdm5csx","Female","20-30","Less than High school",28.92739868,-81.98190308,1,3,4,4,3,"Web Applications","A. A programming language designed to be human readable","Python is an object oriented programming language","Wonderful Community","Video3-1(Treatment)",1,"Treatment",0,0,0,0,0,2.75
"R_3MA2AXtICK5l9LQ","Female","20-30","High school diploma",29.77560425,-95.30819702,5,5,5,5,5,"All of the above","All of the above","Python is a compiled programming language with a faster and more efficient execution time than interpreted programming languages","Easy to Learn","Video2-1(Treatment)",1,"Treatment",1,0,1,0,0.5,5
"R_3j0BYKA6AIbLZGO","Male","40-50","High school diploma",33.80549622,-117.9223022,1,3,3,3,2,"All of the above","Both A & B","Python is a compiled programming language with a faster and more efficient execution time than interpreted programming languages","Easy to Learn","Video1-2(Control)",0,"Control",1,1,1,0,0.75,2.25
"R_bO66zzscr5Oq7Rf","Female","30-40","Bachelors degree",38.69050598,-85.80280304,4,4,4,5,5,"All of the above","A. A programming language designed to be human readable","Python was created by Guido van Rossum in 1991","Wonderful Community","Video2-1(Treatment)",1,"Treatment",1,0,0,0,0.25,4.5
"R_2aIx5b3DAv2T6C8","Male","30-40","Associates degree",41.87640381,-87.61329651,3,4,4,3,3,"All of the above","All of the above","Python was created by Guido van Rossum in 1991","Easy to Learn","Video2-1(Treatment)",1,"Treatment",1,0,0,0,0.25,3.25
"R_ah2yv6WHGLtUX5v","Female","30-40","Bachelors degree",38.93449402,-84.54810333,3,5,5,5,4,"All of the above","All of the above","Python was created by Guido van Rossum in 1991","Great Advanced Language","Video2-1(Treatment)",1,"Treatment",1,0,0,1,0.5,4.25
"R_3Ra15RoJ5s0Bm5y","Female","40-50","Bachelors degree",29.10150146,-82.34130096,4,5,5,5,5,"Web Applications","A. A programming language designed to be human readable","Python is an interpreted programming language","Wonderful Community","Video3-1(Treatment)",1,"Treatment",0,0,0,0,0,4.75
"R_1gSm6Ygg7qzsc69","Male","30-40","Some College No degree",32.0388031,-81.12190247,3,4,4,5,5,"All of the above","B. A flexible programming language","Python is a compiled programming language with a faster and more efficient execution time than interpreted programming languages","Great Starter Language","Video2-1(Treatment)",1,"Treatment",1,0,1,0,0.5,4.25
"R_3GrczmAGVB1ztp8","Female","40-50","Some College No degree",40.03509521,-74.11070251,2,5,4,5,4,"All of the above","Both A & B","Python is an object oriented programming language","Great Advanced Language","Video3-2(Control)",0,"Control",1,1,0,1,0.75,4
"R_Q9xPGBWoyOITyDL","Female","40-50","Associates degree",41.87640381,-87.61329651,4,5,4,5,4,"All of the above","Both A & B","Python is an interpreted programming language","Great Advanced Language","Video2-2(Control)",0,"Control",1,1,0,1,0.75,4.5
"R_1pAoNWqgela3ls1","Male","30-40","Associates degree",33.50770569,-81.68769836,4,3,3,4,3,"All of the above","Both A & B","Python is an interpreted programming language","Easy to Learn","Video1-1(Treatment)",1,"Treatment",1,1,0,0,0.5,3.5
"R_3fdV11GEEo2egpJ","Female","30-40","Bachelors degree",29.7375946,-95.52100372,5,5,5,5,5,"Artificial intelligence projects","Both A & B","Python was created by Guido van Rossum in 1991","Easy to Learn","Video1-1(Treatment)",1,"Treatment",0,1,0,0,0.25,5
"R_3Gr0Goc7PkYlADM","Female","40-50","Some College No degree",39.73880005,-104.9868011,1,1,3,2,2,"All of the above","A. A programming language designed to be human readable","Python was created by Guido van Rossum in 1991","Wonderful Community","Video1-2(Control)",0,"Control",1,0,0,0,0.25,1.5
"R_4TMvvrz2LFcHCs9","Male","20-30","Associates degree",29.48730469,-98.45320129,5,4,4,5,4,"Web Applications","Both A & B","Python is a compiled programming language with a faster and more efficient execution time than interpreted programming languages","Wonderful Community","Video2-2(Control)",0,"Control",0,1,1,0,0.5,4.5
"R_x9rRtvZ7STbSKrf","Female","20-30","Bachelors degree",43.18060303,-77.59480286,1,3,2,3,1,"All of the above","All of the above","Python is an interpreted programming language","Great Advanced Language","Video3-2(Control)",0,"Control",1,0,0,1,0.5,2
"R_2ypaT6S6gqoiqW7","Male","30-40","High school diploma",36.09440613,-95.97170258,4,4,3,4,4,"All of the above","All of the above","Python is an interpreted programming language","Wonderful Community","Video1-2(Control)",0,"Control",1,0,0,0,0.25,4
"R_2tofP3y8b4O59Om","Female","30-40","Bachelors degree",41.99279785,-87.80539703,4,5,4,5,4,"Web Applications","B. A flexible programming language","Python is an object oriented programming language","Great Starter Language","Video2-1(Treatment)",1,"Treatment",0,0,0,0,0,4.5
"R_2E7cOW0XrsqSLZy","Female","30-40","High school diploma",39.50819397,-84.3986969,1,2,2,4,3,"All of the above","All of the above","Python is an object oriented programming language","Easy to Learn","Video2-2(Control)",0,"Control",1,0,0,0,0.25,2.5
"R_1EbTMpAAcpFRjeu","Male","40-50","Bachelors degree",37.4611969,-77.39499664,3,5,5,4,4,"All of the above","Both A & B","Python was created by Guido van Rossum in 1991","Great Advanced Language","Video3-2(Control)",0,"Control",1,1,0,1,0.75,4
"R_12hGDGScBJe1Fod","Male","20-30","High school diploma",46.87330627,-92.09480286,3,4,4,5,3,"All of the above","Both A & B","Python was created by Guido van Rossum in 1991","Easy to Learn","Video3-1(Treatment)",1,"Treatment",1,1,0,0,0.5,3.75
"R_PwxJkwF41vsNg6B","Male","30-40","Some College No degree",41.87640381,-87.61329651,3,4,3,4,3,"All of the above","Both A & B","Python is an object oriented programming language","Great Starter Language","Video3-1(Treatment)",1,"Treatment",1,1,0,0,0.5,3.5
"R_2b1AmkkEblYUWs0","Female","30-40","Bachelors degree",35.84370422,-86.38809967,5,5,5,5,5,"All of the above","All of the above","Python is a compiled programming language with a faster and more efficient execution time than interpreted programming languages","Easy to Learn","Video1-2(Control)",0,"Control",1,0,1,0,0.5,5
"R_3kk88DefSQ5wLo8","Female","40-50","Some College No degree",37.75100708,-97.8219986,1,4,4,4,3,"Web Applications","Both A & B","Python is a compiled programming language with a faster and more efficient execution time than interpreted programming languages","Great Advanced Language","Video1-1(Treatment)",1,"Treatment",0,1,1,1,0.75,3
"R_2zuWTWsFKii711U","Female","50+","High school diploma",39.5381012,-119.8365021,4,3,4,4,3,"Web Applications","B. A flexible programming language","Python is a compiled programming language with a faster and more efficient execution time than interpreted programming languages","Great Advanced Language","Video1-1(Treatment)",1,"Treatment",0,0,1,1,0.5,3.5
"R_3I0oLRbPHtbP1fv","Female","30-40","High school diploma",38.00520325,-84.42299652,3,3,3,3,3,"Web Applications","B. A flexible programming language","Python is a compiled programming language with a faster and more efficient execution time than interpreted programming languages","Great Starter Language","Video1-1(Treatment)",1,"Treatment",0,0,1,0,0.25,3
"R_3FIh6QKce5LLuLq","Male","30-40","Associates degree",42.35620117,-71.06310272,2,2,3,2,2,"All of the above","All of the above","Python is an object oriented programming language","Wonderful Community","Video1-2(Control)",0,"Control",1,0,0,0,0.25,2
"R_26nkK8oGuFNVgSe","Male","20-30","High school diploma",41.12849426,-78.74939728,2,4,4,3,3,"All of the above","Both A & B","Python is an interpreted programming language","Wonderful Community","Video3-2(Control)",0,"Control",1,1,0,0,0.5,3
"R_1l9VHQA8Ctng8wV","Female","30-40","Bachelors degree",33.74850464,-84.38710022,2,4,4,4,4,"All of the above","Both A & B","Python is an interpreted programming language","Easy to Learn","Video3-1(Treatment)",1,"Treatment",1,1,0,0,0.5,3.5
"R_33dxKovrbTBzpNf","Female","30-40","Some College No degree",40.17050171,-76.41660309,3,3,3,4,2,"All of the above","B. A flexible programming language","Python was created by Guido van Rossum in 1991","Easy to Learn","Video1-1(Treatment)",1,"Treatment",1,0,0,0,0.25,3
"R_26fpRrCqvRXCCnL","Male","30-40","High school diploma",39.90600586,-75.2397995,3,4,4,4,4,"All of the above","All of the above","Python is a compiled programming language with a faster and more efficient execution time than interpreted programming languages","Easy to Learn","Video3-2(Control)",0,"Control",1,0,1,0,0.5,3.75
"R_bBfSy1kNjP8vnI5","Female","20-30","Some College No degree",33.58399963,-84.27510071,3,5,5,3,3,"All of the above","Both A & B","Python is a compiled programming language with a faster and more efficient execution time than interpreted programming languages","Easy to Learn","Video2-2(Control)",0,"Control",1,1,1,0,0.75,3.5
"R_1n2YpqH2c6D7FHo","Female","30-40","Some College No degree",36.05709839,-86.67289734,3,4,5,4,4,"All of the above","Both A & B","Python is a compiled programming language with a faster and more efficient execution time than interpreted programming languages","Wonderful Community","Video1-2(Control)",0,"Control",1,1,1,0,0.75,3.75
"R_2e9mx4lt8Nqy3Jn","Female","40-50","Some College No degree",28.63439941,-81.62210083,2,4,4,4,3,"All of the above","All of the above","Python is an object oriented programming language","Great Advanced Language","Video3-1(Treatment)",1,"Treatment",1,0,0,1,0.5,3.25
"R_oXG9sji0NSauOad","Male","20-30","High school diploma",33.4125061,-84.30120087,4,4,5,4,2,"Automation utilities","Both A & B","Python is a compiled programming language with a faster and more efficient execution time than interpreted programming languages","Wonderful Community","Video2-1(Treatment)",1,"Treatment",0,1,1,0,0.5,3.5
"R_3puuUlVCfsvdtB9","Female","40-50","High school diploma",30.2230072,-81.7594986,2,4,4,4,4,"All of the above","Both A & B","Python is an interpreted programming language","Easy to Learn","Video2-1(Treatment)",1,"Treatment",1,1,0,0,0.5,3.5
"R_1160jymajyh6TXg","Male","40-50","High school diploma",32.7796936,-96.80220032,5,5,5,5,5,"All of the above","All of the above","Python is a compiled programming language with a faster and more efficient execution time than interpreted programming languages","Easy to Learn","Video2-1(Treatment)",1,"Treatment",1,0,1,0,0.5,5
"R_1OjA75jXImFQjYP","Female","30-40","Some College No degree",39.63270569,-75.69979858,3,3,3,2,2,"All of the above","Both A & B","Python is an object oriented programming language","Great Advanced Language","Video1-2(Control)",0,"Control",1,1,0,1,0.75,2.5
"R_1K6ERDkrd7psiUC","Male","30-40","Some College No degree",35.229599,-80.84300232,3,2,4,3,3,"Web Applications","C. A low level implementation programming language","Python is an object oriented programming language","Great Starter Language","Video2-1(Treatment)",1,"Treatment",0,0,0,0,0,2.75
"R_2bK933FkYPzgm8n","Male","40-50","High school diploma",33.95759583,-118.2669983,5,5,5,5,5,"All of the above","A. A programming language designed to be human readable","Python is an object oriented programming language","Great Starter Language","Video1-1(Treatment)",1,"Treatment",1,0,0,0,0.25,5
"R_1nUDEFV0mmdfbWR","Female","30-40","Some College No degree",35.9335022,-84.14810181,4,4,4,3,3,"All of the above","A. A programming language designed to be human readable","Python is an object oriented programming language","Great Starter Language","Video1-1(Treatment)",1,"Treatment",1,0,0,0,0.25,3.5
"R_vl7IGKp12yjpTqx","Female","30-40","Bachelors degree",39.84199524,-105.1100998,3,3,3,3,3,"All of the above","Both A & B","Python is an object oriented programming language","Wonderful Community","Video3-2(Control)",0,"Control",1,1,0,0,0.5,3
"R_3rSxJ2aMfaYqoCD","Female","30-40","Bachelors degree",39.73880005,-104.9868011,3,3,4,4,3,"All of the above","Both A & B","Python is an interpreted programming language","Easy to Learn","Video1-2(Control)",0,"Control",1,1,0,0,0.5,3.25
"R_21cbjOkSMjemfMQ","Female","30-40","Some College No degree",37.0493927,-94.50689697,4,5,5,4,5,"All of the above","Both A & B","Python is an object oriented programming language","Wonderful Community","Video2-2(Control)",0,"Control",1,1,0,0,0.5,4.5
"R_1cXPhl5IDvZfrBB","Female","50+","Associates degree",40.19940186,-74.71199799,2,4,4,4,3,"All of the above","Both A & B","Python was created by Guido van Rossum in 1991","Great Advanced Language","Video3-2(Control)",0,"Control",1,1,0,1,0.75,3.25
"R_STbomkDWJ3Syf8l","Male","40-50","Bachelors degree",40.59109497,-74.46420288,3,4,4,3,4,"Artificial intelligence projects","Both A & B","Python is an object oriented programming language","Great Starter Language","Video3-1(Treatment)",1,"Treatment",0,1,0,0,0.25,3.5
"R_2zOqZmR33iO6KpX","Female","40-50","Associates degree",32.7796936,-96.80220032,1,3,3,3,3,"Web Applications","A. A programming language designed to be human readable","Python is an interpreted programming language","Great Advanced Language","Video1-2(Control)",0,"Control",0,0,0,1,0.25,2.5
"R_1IghbMF16WGfbeK","Female","20-30","Some College No degree",39.44419861,-77.33930206,2,4,3,2,3,"Web Applications","Both A & B","Python is a compiled programming language with a faster and more efficient execution time than interpreted programming languages","Easy to Learn","Video2-2(Control)",0,"Control",0,1,1,0,0.5,2.75
"R_1jrIaAklaCOhVb7","Female","50+","Less than High school",42.55380249,-82.91850281,4,5,5,5,5,"All of the above","Both A & B","Python is an interpreted programming language","Wonderful Community","Video3-1(Treatment)",1,"Treatment",1,1,0,0,0.5,4.75
"R_1HbnyNZoGCbacI9","Female","30-40","Some College No degree",35.92649841,-95.16609955,1,2,3,2,2,"All of the above","All of the above","Python is an object oriented programming language","Wonderful Community","Video3-2(Control)",0,"Control",1,0,0,0,0.25,1.75
"R_aV6sCy4Uvb4B4g9","Female","40-50","Some College No degree",42.41499329,-71.05269623,1,4,4,4,4,"All of the above","All of the above","Python is a compiled programming language with a faster and more efficient execution time than interpreted programming languages","Great Advanced Language","Video2-2(Control)",0,"Control",1,0,1,1,0.75,3.25
"R_2Bms4kBZyKzLLDt","Female","30-40","Some College No degree",35.33200073,-78.92120361,4,4,4,3,3,"All of the above","Both A & B","Python is an object oriented programming language","Easy to Learn","Video3-2(Control)",0,"Control",1,1,0,0,0.5,3.5
"R_0j24chbpZbIqmMF","Male","30-40","Some College No degree",29.79249573,-95.36730194,4,4,4,4,4,"Artificial intelligence projects","A. A programming language designed to be human readable","Python is an object oriented programming language","Great Advanced Language","Video1-1(Treatment)",1,"Treatment",0,0,0,1,0.25,4
"R_3gT6RANUnUF3y13","Female","30-40","Some College No degree",36.54910278,-82.55840302,3,5,5,5,5,"All of the above","All of the above","Python is an object oriented programming language","Easy to Learn","Video3-1(Treatment)",1,"Treatment",1,0,0,0,0.25,4.5
"R_UrTlMENjdUQvpFn","Male","50+","High school diploma",42.29029846,-71.07980347,5,5,5,5,5,"Web Applications","A. A programming language designed to be human readable","Python was created by Guido van Rossum in 1991","Wonderful Community","Video3-2(Control)",0,"Control",0,0,0,0,0,5
"R_1oqdWayRpM6FgBt","Female","30-40","High school diploma",41.21369934,-76.76329803,2,4,4,3,3,"All of the above","Both A & B","Python is an object oriented programming language","Great Advanced Language","Video3-1(Treatment)",1,"Treatment",1,1,0,1,0.75,3
"R_3oX7i4hQW0713Ua","Female","30-40","Associates degree",32.7796936,-96.80220032,3,3,4,4,3,"All of the above","All of the above","Python is a compiled programming language with a faster and more efficient execution time than interpreted programming languages","Great Starter Language","Video1-1(Treatment)",1,"Treatment",1,0,1,0,0.5,3.25
"R_3GBSbx9HwBSd0TG","Female","50+","High school diploma",41.02659607,-80.34980011,3,5,5,5,5,"Web Applications","All of the above","Python is an interpreted programming language","Wonderful Community","Video2-1(Treatment)",1,"Treatment",0,0,0,0,0,4.5
"R_3fdeE9No9Lae7YE","Female","30-40","Some College No degree",40.38690186,-82.49009705,4,5,5,5,5,"All of the above","All of the above","Python was created by Guido van Rossum in 1991","Great Advanced Language","Video2-1(Treatment)",1,"Treatment",1,0,0,1,0.5,4.75
"R_1jAIrVgwd7XJKOX","Male","50+","High school diploma",42.86999512,-77.27909851,3,4,4,3,3,"Web Applications","Both A & B","Python is a compiled programming language with a faster and more efficient execution time than interpreted programming languages","Great Advanced Language","Video1-1(Treatment)",1,"Treatment",0,1,1,1,0.75,3.25
"R_bl8dTjdCXr2YE93","Female","20-30","Associates degree",41.35710144,-72.93340302,3,5,4,4,5,"All of the above","Both A & B","Python was created by Guido van Rossum in 1991","Easy to Learn","Video1-2(Control)",0,"Control",1,1,0,0,0.5,4.25
"R_1jJP4Z6HfUSRfNF","Female","40-50","Bachelors degree",35.46620178,-97.51679993,4,5,5,4,4,"All of the above","Both A & B","Python is an object oriented programming language","Great Advanced Language","Video1-1(Treatment)",1,"Treatment",1,1,0,1,0.75,4.25
"R_215Sv2RzetYGeMU","Female","50+","Some College No degree",37.75849915,-122.1856003,3,3,4,3,3,"All of the above","Both A & B","Python is an object oriented programming language","Great Advanced Language","Video1-1(Treatment)",1,"Treatment",1,1,0,1,0.75,3
"R_2f6olPKsfTuklRD","Male","20-30","Some College No degree",33.83099365,-85.77519989,5,5,5,5,5,"All of the above","All of the above","Python was created by Guido van Rossum in 1991","Great Advanced Language","Video1-1(Treatment)",1,"Treatment",1,0,0,1,0.5,5
"R_211zikYxXv3E4sI","Female","30-40","Some College No degree",28.14900208,-82.04109955,4,5,4,4,5,"Web Applications","A. A programming language designed to be human readable","Python is a compiled programming language with a faster and more efficient execution time than interpreted programming languages","Great Starter Language","Video1-2(Control)",0,"Control",0,0,1,0,0.25,4.5
"R_w65eKKom5CE1usV","Female","30-40","Masters degree",33.74679565,-84.31369781,2,3,2,4,1,"All of the above","Both A & B","Python is a compiled programming language with a faster and more efficient execution time than interpreted programming languages","Great Starter Language","Video1-1(Treatment)",1,"Treatment",1,1,1,0,0.75,2.5
"R_111w8Yme2lvIFid","Male","30-40","High school diploma",48.22610474,-101.2974014,3,4,3,5,4,"All of the above","All of the above","Python is an object oriented programming language","Great Starter Language","Video1-2(Control)",0,"Control",1,0,0,0,0.25,4
"R_2wh5DL9aY0AEqbW","Female","30-40","High school diploma",33.68710327,-84.15100098,4,5,5,4,4,"All of the above","Both A & B","Python is a compiled programming language with a faster and more efficient execution time than interpreted programming languages","Easy to Learn","Video2-1(Treatment)",1,"Treatment",1,1,1,0,0.75,4.25
"R_293OH1Uhxwd0ko7","Female","50+","Bachelors degree",33.97390747,-81.23449707,2,3,3,2,2,"All of the above","All of the above","Python is an object oriented programming language","Great Advanced Language","Video3-1(Treatment)",1,"Treatment",1,0,0,1,0.5,2.25
"R_um5YNWOqLUPD0fn","Female","50+","Bachelors degree",33.9992981,-118.2868042,3,5,4,3,4,"All of the above","Both A & B","Python is an object oriented programming language","Wonderful Community","Video2-2(Control)",0,"Control",1,1,0,0,0.5,3.75
"R_8okJaGJwp06zAyt","Female","40-50","Associates degree",41.74389648,-71.31790161,1,4,5,5,4,"Web Applications","Both A & B","Python was created by Guido van Rossum in 1991","Wonderful Community","Video2-2(Control)",0,"Control",0,1,0,0,0.25,3.5
"R_3sz9QQp5oJRdWti","Male","50+","Some College No degree",39.92329407,-75.23130035,4,4,5,4,4,"All of the above","All of the above","Python is a compiled programming language with a faster and more efficient execution time than interpreted programming languages","Great Starter Language","Video2-2(Control)",0,"Control",1,0,1,0,0.5,4
"R_1ojO91RwzyA886n","Female","20-30","Less than High school",41.92610168,-71.30110168,3,3,3,2,4,"Artificial intelligence projects","B. A flexible programming language","Python was created by Guido van Rossum in 1991","Easy to Learn","Video2-1(Treatment)",1,"Treatment",0,0,0,0,0,3
"R_xyeDYs8HXxyADjr","Female","30-40","Associates degree",41.56219482,-81.48419952,3,3,3,2,3,"Web Applications","Both A & B","Python is an object oriented programming language","Wonderful Community","Video1-2(Control)",0,"Control",0,1,0,0,0.25,2.75
"R_1JLsI9fpkQmlR7m","Female","30-40","High school diploma",36.50140381,-86.87380219,5,5,5,5,5,"All of the above","Both A & B","Python was created by Guido van Rossum in 1991","Great Starter Language","Video1-2(Control)",0,"Control",1,1,0,0,0.5,5
"R_1cSQNdr5Bui1CQ4","Male","20-30","High school diploma",39.82380676,-86.14070129,4,4,4,5,4,"Web Applications","Both A & B","Python is a compiled programming language with a faster and more efficient execution time than interpreted programming languages","Great Starter Language","Video2-1(Treatment)",1,"Treatment",0,1,1,0,0.5,4.25
"R_3Ok3tqZLRLGsKtn","Male","30-40","High school diploma",33.78729248,-117.9230957,1,2,3,3,2,"Automation utilities","A. A programming language designed to be human readable","Python was created by Guido van Rossum in 1991","Great Starter Language","Video2-2(Control)",0,"Control",0,0,0,0,0,2
"R_3Oeo7A9yAxPmn0c","Female","40-50","Masters degree",37.75100708,-97.8219986,3,3,4,3,3,"Artificial intelligence projects","A. A programming language designed to be human readable","Python is an interpreted programming language","Great Advanced Language","Video1-2(Control)",0,"Control",0,0,0,1,0.25,3
"R_25N5v4pOwxJ6G4j","Male","20-30","Bachelors degree",39.92329407,-75.23130035,5,5,5,5,5,"Artificial intelligence projects","All of the above","Python is an object oriented programming language","Great Advanced Language","Video1-2(Control)",0,"Control",0,0,0,1,0.25,5
"R_3n90vfhODxnfkuf","Female","30-40","Some College No degree",40.70640564,-73.94730377,1,4,4,4,2,"All of the above","Both A & B","Python is an interpreted programming language","Wonderful Community","Video2-2(Control)",0,"Control",1,1,0,0,0.5,2.75
"R_dmQyjsBqo1xnwvT","Female","30-40","Some College No degree",32.7507019,-97.20950317,2,3,3,3,3,"All of the above","Both A & B","Python is an object oriented programming language","Wonderful Community","Video3-2(Control)",0,"Control",1,1,0,0,0.5,2.75
"R_2v1yAPK5H3leyCG","Male","50+","Some College No degree",38.6920929,-93.23829651,2,2,4,4,4,"All of the above","Both A & B","Python is an object oriented programming language","Great Advanced Language","Video2-1(Treatment)",1,"Treatment",1,1,0,1,0.75,3
"R_23acj2gFJhz8VOm","Female","50+","High school diploma",38.94419861,-94.28970337,3,3,4,3,4,"All of the above","Both A & B","Python is an object oriented programming language","Easy to Learn","Video2-1(Treatment)",1,"Treatment",1,1,0,0,0.5,3.25
"R_1FwzQfycLa2W2LG","Female","20-30","Some College No degree",39.73510742,-105.0269012,4,4,3,3,4,"Web Applications","Both A & B","Python is a compiled programming language with a faster and more efficient execution time than interpreted programming languages","Easy to Learn","Video2-2(Control)",0,"Control",0,1,1,0,0.5,3.75
"R_1i1W6ptLSAYE4Bc","Female","50+","Some College No degree",42.2671051,-83.13580322,3,4,4,4,4,"Web Applications","All of the above","Python is a compiled programming language with a faster and more efficient execution time than interpreted programming languages","Wonderful Community","Video1-2(Control)",0,"Control",0,0,1,0,0.25,3.75
"R_3J5gOQTq9IAn4BT","Female","50+","Some College No degree",41.88789368,-70.88870239,3,4,4,3,3,"All of the above","Both A & B","Python is an object oriented programming language","Easy to Learn","Video2-1(Treatment)",1,"Treatment",1,1,0,0,0.5,3.25
"R_2QsqgZPGHd2S7q1","Female","30-40","High school diploma",39.32339478,-81.54299927,1,3,2,2,3,"All of the above","Both A & B","Python is a compiled programming language with a faster and more efficient execution time than interpreted programming languages","Wonderful Community","Video3-1(Treatment)",1,"Treatment",1,1,1,0,0.75,2.25
"R_bOSYnRZDYwC2hXj","Female","20-30","Bachelors degree",32.92190552,-96.62139893,3,5,4,4,4,"All of the above","All of the above","Python is an interpreted programming language","Easy to Learn","Video1-2(Control)",0,"Control",1,0,0,0,0.25,4
"R_V2ytAaPA6FnXEo9","Female","40-50","Associates degree",42.35749817,-83.21620178,1,3,2,2,2,"All of the above","Both A & B","Python is an object oriented programming language","Wonderful Community","Video3-1(Treatment)",1,"Treatment",1,1,0,0,0.5,2
"R_1d5Iu9BXw1xdQ1l","Female","30-40","High school diploma",35.229599,-80.84300232,3,4,2,3,3,"All of the above","C. A low level implementation programming language","Python was created by Guido van Rossum in 1991","Great Starter Language","Video3-2(Control)",0,"Control",1,0,0,0,0.25,3.25
"R_33Cge8Md6RTjDlw","Female","40-50","Associates degree",37.15310669,-84.09860229,3,4,4,4,4,"All of the above","Both A & B","Python is an object oriented programming language","Wonderful Community","Video2-1(Treatment)",1,"Treatment",1,1,0,0,0.5,3.75
"R_3nCniO7s3Hgsgz1","Female","20-30","High school diploma",33.13209534,-95.59249878,5,5,3,5,5,"All of the above","All of the above","Python is an object oriented programming language","Easy to Learn","Video3-1(Treatment)",1,"Treatment",1,0,0,0,0.25,5
"R_PSTh8m6BpiSOXdf","Female","20-30","Some College No degree",41.55160522,-90.50170135,2,4,3,3,2,"Artificial intelligence projects","Both A & B","Python is an object oriented programming language","Great Advanced Language","Video1-1(Treatment)",1,"Treatment",0,1,0,1,0.5,2.75
"R_9HWDqCjfyR4rY77","Male","30-40","Some College No degree",40.25619507,-79.978302,4,4,3,4,4,"Web Applications","Both A & B","Python is an object oriented programming language","Wonderful Community","Video1-1(Treatment)",1,"Treatment",0,1,0,0,0.25,4
"R_2taHGbuMgwLvlUl","Female","40-50","Bachelors degree",41.13710022,-85.06369781,2,3,4,2,2,"All of the above","All of the above","Python is a compiled programming language with a faster and more efficient execution time than interpreted programming languages","Great Advanced Language","Video1-1(Treatment)",1,"Treatment",1,0,1,1,0.75,2.25
"R_3EXUmIoMiRf760f","Male","Other","Masters degree",26.26620483,-81.71640015,4,4,3,4,3,"All of the above","Both A & B","Python is an object oriented programming language","Easy to Learn","Video3-1(Treatment)",1,"Treatment",1,1,0,0,0.5,3.75
"R_6nZOAVioSAHkp8d","Male","30-40","High school diploma",35.75630188,-80.37310028,3,4,4,4,4,"Web Applications","A. A programming language designed to be human readable","Python is a compiled programming language with a faster and more efficient execution time than interpreted programming languages","Great Advanced Language","Video3-2(Control)",0,"Control",0,0,1,1,0.5,3.75
"R_3lsqaJBwuGOBs3I","Female","30-40","High school diploma",35.229599,-80.84300232,5,5,5,5,5,"All of the above","All of the above","Python is an object oriented programming language","Wonderful Community","Video3-1(Treatment)",1,"Treatment",1,0,0,0,0.25,5
"R_1lg8wcRfKjzTrmO","Female","50+","High school diploma",25.95239258,-80.21839905,5,5,5,5,5,"All of the above","Both A & B","Python is a compiled programming language with a faster and more efficient execution time than interpreted programming languages","Easy to Learn","Video3-2(Control)",0,"Control",1,1,1,0,0.75,5
"R_2tyClfSAtEkHzXZ","Male","50+","Some College No degree",30.0821991,-81.54979706,4,4,4,4,4,"All of the above","Both A & B","Python is an object oriented programming language","Great Advanced Language","Video1-1(Treatment)",1,"Treatment",1,1,0,1,0.75,4
"R_1QrQlQpnG5MWXUT","Male","20-30","Masters degree",39.31840515,-82.10119629,4,4,5,5,5,"All of the above","All of the above","Python is a compiled programming language with a faster and more efficient execution time than interpreted programming languages","Easy to Learn","Video2-2(Control)",0,"Control",1,0,1,0,0.5,4.5
"R_xzL4pc77rdDWat3","Male","30-40","Bachelors degree",29.51829529,-95.09770203,5,5,4,5,5,"Web Applications","Both A & B","Python is an object oriented programming language","Easy to Learn","Video3-1(Treatment)",1,"Treatment",0,1,0,0,0.25,5
"R_3D6e0IXJbqKdIKg","Female","40-50","Associates degree",38.57739258,-90.67089844,4,5,5,5,5,"All of the above","Both A & B","Python was created by Guido van Rossum in 1991","Wonderful Community","Video1-1(Treatment)",1,"Treatment",1,1,0,0,0.5,4.75
"R_3sdbv5ffbZ9TaBW","Male","40-50","Less than High school",42.42480469,-83.19509888,3,3,3,3,4,"All of the above","Both A & B","Python was created by Guido van Rossum in 1991","Wonderful Community","Video2-2(Control)",0,"Control",1,1,0,0,0.5,3.25
"R_1QN0L8dqf3ALlnR","Male","50+","Bachelors degree",38.79130554,-77.2806015,3,5,4,5,5,"All of the above","Both A & B","Python is a compiled programming language with a faster and more efficient execution time than interpreted programming languages","Wonderful Community","Video1-2(Control)",0,"Control",1,1,1,0,0.75,4.5
"R_2CpqX17NOUlpQyi","Male","20-30","Some College No degree",40.68769836,-73.92669678,3,3,3,3,3,"Web Applications","C. A low level implementation programming language","Python is an object oriented programming language","Great Starter Language","Video1-1(Treatment)",1,"Treatment",0,0,0,0,0,3
"R_3UYQp81tgHgDDRn","Male","50+","Some College No degree",39.9315033,-75.33450317,4,5,5,5,5,"All of the above","Both A & B","Python is an interpreted programming language","Great Advanced Language","Video1-1(Treatment)",1,"Treatment",1,1,0,1,0.75,4.75
"R_3D7VfzDfW6AcPDn","Female","20-30","High school diploma",36.17500305,-95.91600037,3,5,5,5,5,"All of the above","All of the above","Python is an object oriented programming language","Great Starter Language","Video2-2(Control)",0,"Control",1,0,0,0,0.25,4.5
"R_1NlwgSGsqCsannl","Female","20-30","Associates degree",39.28739929,-80.34190369,2,3,3,1,1,"All of the above","Both A & B","Python is an interpreted programming language","Great Advanced Language","Video3-1(Treatment)",1,"Treatment",1,1,0,1,0.75,1.75
"R_SE6EgX74Eq1lHaN","Female","30-40","Bachelors degree",41.87640381,-87.61329651,2,3,3,3,3,"Web Applications","A. A programming language designed to be human readable","Python was created by Guido van Rossum in 1991","Great Starter Language","Video1-1(Treatment)",1,"Treatment",0,0,0,0,0,2.75
"R_sKYhhjPbnpJoXGF","Male","40-50","Some College No degree",35.41549683,-80.61430359,2,4,3,3,2,"All of the above","All of the above","Python is an object oriented programming language","Easy to Learn","Video2-1(Treatment)",1,"Treatment",1,0,0,0,0.25,2.75
"R_3kczzMJBQhziEeT","Male","20-30","Bachelors degree",37.75100708,-97.8219986,3,3,3,3,3,"Web Applications","All of the above","Python is an interpreted programming language","Wonderful Community","Video3-2(Control)",0,"Control",0,0,0,0,0,3
"R_1CvDRac9TxW7lNu","Female","50+","High school diploma",29.58259583,-98.40910339,2,3,5,4,4,"All of the above","Both A & B","Python is an interpreted programming language","Great Starter Language","Video3-2(Control)",0,"Control",1,1,0,0,0.5,3.25
"R_2zMWeixBTYR40tR","Female","50+","High school diploma",38.6486969,-90.32969666,4,4,4,3,4,"All of the above","Both A & B","Python is a compiled programming language with a faster and more efficient execution time than interpreted programming languages","Great Advanced Language","Video2-1(Treatment)",1,"Treatment",1,1,1,1,1,3.75
"R_3ESfINxXX3tH47O","Male","20-30","Bachelors degree",29.22079468,-81.01399994,5,5,5,5,5,"All of the above","All of the above","Python was created by Guido van Rossum in 1991","Great Advanced Language","Video3-1(Treatment)",1,"Treatment",1,0,0,1,0.5,5
"R_1q9PyCsi8Av1cAk","Male","30-40","Some College No degree",33.56370544,-84.2111969,3,4,5,4,4,"All of the above","A. A programming language designed to be human readable","Python is an interpreted programming language","Wonderful Community","Video3-2(Control)",0,"Control",1,0,0,0,0.25,3.75
"R_2YP994WhqrzUlAv","Female","20-30","Bachelors degree",41.47219849,-81.74500275,5,5,5,5,5,"All of the above","All of the above","Python is a compiled programming language with a faster and more efficient execution time than interpreted programming languages","Wonderful Community","Video3-2(Control)",0,"Control",1,0,1,0,0.5,5
"R_2z78t8YI9r8M7iB","Female","40-50","Masters degree",38.813797,-77.1486969,2,5,5,5,5,"All of the above","B. A flexible programming language","Python is an interpreted programming language","Easy to Learn","Video3-2(Control)",0,"Control",1,0,0,0,0.25,4.25
"R_1OU1ZS2FSORcr1z","Male","50+","Masters degree",32.72459412,-117.2257996,3,3,4,3,3,"All of the above","Both A & B","Python is a compiled programming language with a faster and more efficient execution time than interpreted programming languages","Easy to Learn","Video1-2(Control)",0,"Control",1,1,1,0,0.75,3
"R_3Mbc4JzkE4s7q2S","Female","40-50","Associates degree",30.31390381,-85.91000366,2,2,2,1,1,"All of the above","Both A & B","Python was created by Guido van Rossum in 1991","Great Advanced Language","Video3-1(Treatment)",1,"Treatment",1,1,0,1,0.75,1.5
"R_2Cwzn80XhwONavV","Female","20-30","High school diploma",28.21369934,-82.68090057,3,4,5,4,4,"Web Applications","A. A programming language designed to be human readable","Python is an object oriented programming language","Easy to Learn","Video2-1(Treatment)",1,"Treatment",0,0,0,0,0,3.75
"R_3qDvBJxi3z6Uamq","Male","30-40","Bachelors degree",28.63439941,-81.62210083,4,4,5,4,4,"All of the above","Both A & B","Python is an object oriented programming language","Easy to Learn","Video2-2(Control)",0,"Control",1,1,0,0,0.5,4
"R_WfCV67F3ePiuXE5","Female","50+","High school diploma",33.74850464,-84.38710022,4,4,5,5,4,"All of the above","Both A & B","Python is an object oriented programming language","Great Advanced Language","Video2-2(Control)",0,"Control",1,1,0,1,0.75,4.25
"R_qxvTP1aVO6KXzDH","Female","20-30","High school diploma",42.42610168,-83.25140381,3,4,3,2,3,"Artificial intelligence projects","C. A low level implementation programming language","Python is a compiled programming language with a faster and more efficient execution time than interpreted programming languages","Great Starter Language","Video1-2(Control)",0,"Control",0,0,1,0,0.25,3
"R_9sDo2fcrOPez83L","Female","50+","High school diploma",34.14830017,-118.0016022,3,4,4,4,4,"All of the above","Both A & B","Python is an object oriented programming language","Easy to Learn","Video2-2(Control)",0,"Control",1,1,0,0,0.5,3.75
"R_1oaMF0WfC231uuQ","Female","20-30","Some College No degree",28.23649597,-82.3289032,4,4,5,4,4,"All of the above","A. A programming language designed to be human readable","Python is an interpreted programming language","Wonderful Community","Video3-1(Treatment)",1,"Treatment",1,0,0,0,0.25,4
"R_2E3LyOtQIIDHG7V","Male","30-40","Bachelors degree",41.74879456,-72.61519623,3,3,3,4,3,"All of the above","A. A programming language designed to be human readable","Python was created by Guido van Rossum in 1991","Easy to Learn","Video2-1(Treatment)",1,"Treatment",1,0,0,0,0.25,3.25
"R_4Z0H48y7c9SAx9v","Female","50+","High school diploma",32.60470581,-93.87609863,3,2,3,2,2,"All of the above","Both A & B","Python is an object oriented programming language","Wonderful Community","Video1-1(Treatment)",1,"Treatment",1,1,0,0,0.5,2.25
"R_3R1w4Yz2B7CS45e","Female","40-50","Some College No degree",26.92019653,-82.30470276,1,1,2,2,2,"All of the above","Both A & B","Python is an interpreted programming language","Easy to Learn","Video3-2(Control)",0,"Control",1,1,0,0,0.5,1.5
"R_pb1BrU79RtAfn0J","Female","30-40","High school diploma",40.65609741,-75.2335968,2,4,5,5,5,"All of the above","Both A & B","Python is an object oriented programming language","Easy to Learn","Video3-2(Control)",0,"Control",1,1,0,0,0.5,4
"R_3EMydIOZ40z80VT","Male","20-30","Some College No degree",37.97860718,-121.3146973,2,4,3,2,3,"Web Applications","A. A programming language designed to be human readable","Python is an interpreted programming language","Easy to Learn","Video2-2(Control)",0,"Control",0,0,0,0,0,2.75
"R_1pLrZKaQYllSnPX","Male","30-40","High school diploma",30.45880127,-91.05809784,3,3,3,3,3,"Web Applications","C. A low level implementation programming language","Python is an object oriented programming language","Great Advanced Language","Video2-1(Treatment)",1,"Treatment",0,0,0,1,0.25,3
"R_sYyTFEw0zB7mMV3","Female","50+","High school diploma",30.67100525,-87.17369843,1,3,3,3,2,"All of the above","Both A & B","Python is an interpreted programming language","Wonderful Community","Video2-2(Control)",0,"Control",1,1,0,0,0.5,2.25
"R_3fdw3mDMEn2YMVs","Male","50+","High school diploma",41.41389465,-75.68270111,3,4,4,3,4,"Web Applications","C. A low level implementation programming language","Python is a compiled programming language with a faster and more efficient execution time than interpreted programming languages","Great Starter Language","Video1-1(Treatment)",1,"Treatment",0,0,1,0,0.25,3.5
"R_1LipXhhmro9Gocc","Male","30-40","High school diploma",33.32609558,-84.02799988,3,5,5,5,4,"All of the above","All of the above","Python is a compiled programming language with a faster and more efficient execution time than interpreted programming languages","Great Advanced Language","Video1-1(Treatment)",1,"Treatment",1,0,1,1,0.75,4.25
"R_0fDzlEEz75T6TUB","Female","40-50","Associates degree",33.74850464,-84.38710022,3,4,4,4,4,"All of the above","All of the above","Python is a compiled programming language with a faster and more efficient execution time than interpreted programming languages","Wonderful Community","Video1-2(Control)",0,"Control",1,0,1,0,0.5,3.75
"R_bjU8VSyln3huxEZ","Female","20-30","Bachelors degree",29.9631958,-90.07530212,3,4,4,4,3,"All of the above","Both A & B","Python was created by Guido van Rossum in 1991","Great Starter Language","Video1-1(Treatment)",1,"Treatment",1,1,0,0,0.5,3.5
"R_Z9mm5YIWEH4oxEt","Female","30-40","Bachelors degree",42.36669922,-88.09249878,3,4,4,4,4,"All of the above","All of the above","Python is a compiled programming language with a faster and more efficient execution time than interpreted programming languages","Great Advanced Language","Video1-2(Control)",0,"Control",1,0,1,1,0.75,3.75
"R_21BthcbiUT9d3kn","Male","50+","Some College No degree",40.790802,-85.83270264,2,3,4,3,3,"All of the above","A. A programming language designed to be human readable","Python was created by Guido van Rossum in 1991","Easy to Learn","Video1-2(Control)",0,"Control",1,0,0,0,0.25,2.75
"R_27r3uenmoP98KbH","Female","40-50","Some College No degree",44.96560669,-89.70659637,2,5,4,5,5,"All of the above","A. A programming language designed to be human readable","Python is an interpreted programming language","Wonderful Community","Video3-2(Control)",0,"Control",1,0,0,0,0.25,4.25
"R_BGqn1Xl8MXQq8OB","Female","20-30","High school diploma",41.53819275,-72.80079651,3,4,4,4,3,"All of the above","Both A & B","Python was created by Guido van Rossum in 1991","Wonderful Community","Video2-2(Control)",0,"Control",1,1,0,0,0.5,3.5
"R_2ARccXHk6uYE994","Female","30-40","Associates degree",41.18769836,-74.52919769,5,5,5,5,5,"All of the above","Both A & B","Python was created by Guido van Rossum in 1991","Great Advanced Language","Video3-1(Treatment)",1,"Treatment",1,1,0,1,0.75,5
"R_bd24l3AV1V9xCjn","Female","40-50","High school diploma",29.55540466,-81.22070313,1,3,3,3,3,"All of the above","A. A programming language designed to be human readable","Python was created by Guido van Rossum in 1991","Great Advanced Language","Video3-1(Treatment)",1,"Treatment",1,0,0,1,0.5,2.5
"R_3qO099LftX10qHy","Female","50+","High school diploma",35.229599,-80.84300232,1,2,4,2,2,"Web Applications","Both A & B","Python is an object oriented programming language","Great Advanced Language","Video1-1(Treatment)",1,"Treatment",0,1,0,1,0.5,1.75
"R_3nNkx4seInm26lO","Female","50+","Less than High school",32.7796936,-96.80220032,4,4,5,5,5,"All of the above","A. A programming language designed to be human readable","Python is an object oriented programming language","Great Advanced Language","Video3-1(Treatment)",1,"Treatment",1,0,0,1,0.5,4.5
"R_1nMEZ2DrpuS09BR","Female","30-40","Some College No degree",47.38450623,-122.058197,3,4,5,3,4,"All of the above","Both A & B","Python was created by Guido van Rossum in 1991","Great Starter Language","Video3-2(Control)",0,"Control",1,1,0,0,0.5,3.5
"R_1dK6ofueRyErDV0","Female","50+","High school diploma",41.71240234,-87.74780273,2,3,3,4,3,"All of the above","Both A & B","Python is an object oriented programming language","Easy to Learn","Video3-1(Treatment)",1,"Treatment",1,1,0,0,0.5,3
"R_1eDiGJxGEFOpqAl","Male","20-30","Bachelors degree",29.77149963,-95.7118988,2,3,2,4,3,"Web Applications","C. A low level implementation programming language","Python is a compiled programming language with a faster and more efficient execution time than interpreted programming languages","Great Starter Language","Video1-2(Control)",0,"Control",0,0,1,0,0.25,3
"R_11gveskZO9CWIea","Female","40-50","High school diploma",38.57739258,-90.67089844,4,4,5,5,5,"Automation utilities","All of the above","Python is a compiled programming language with a faster and more efficient execution time than interpreted programming languages","Wonderful Community","Video2-1(Treatment)",1,"Treatment",0,0,1,0,0.25,4.5
"R_1hRc2z6D2KZuE5I","Male","50+","Some College No degree",41.44529724,-81.69909668,2,3,3,4,2,"All of the above","Both A & B","Python is an interpreted programming language","Great Starter Language","Video3-1(Treatment)",1,"Treatment",1,1,0,0,0.5,2.75
"R_1I4te06zrzNtvq0","Female","20-30","High school diploma",29.7375946,-95.52100372,2,4,4,4,4,"All of the above","All of the above","Python is a compiled programming language with a faster and more efficient execution time than interpreted programming languages","Great Advanced Language","Video3-1(Treatment)",1,"Treatment",1,0,1,1,0.75,3.5
"R_1jNR30JPukFG7cJ","Female","50+","Bachelors degree",34.45120239,-84.15299988,2,5,4,4,4,"Web Applications","Both A & B","Python is a compiled programming language with a faster and more efficient execution time than interpreted programming languages","Easy to Learn","Video1-1(Treatment)",1,"Treatment",0,1,1,0,0.5,3.75
"R_2TnvE9WRXTr0kIX","Male","50+","Associates degree",33.74850464,-84.38710022,4,4,4,3,4,"All of the above","B. A flexible programming language","Python was created by Guido van Rossum in 1991","Easy to Learn","Video3-2(Control)",0,"Control",1,0,0,0,0.25,3.75
"R_1DGqTnWGO6MyBGC","Male","20-30","Masters degree",38.95219421,-77.02529907,2,2,4,4,4,"Web Applications","Both A & B","Python was created by Guido van Rossum in 1991","Great Advanced Language","Video3-1(Treatment)",1,"Treatment",0,1,0,1,0.5,3
"R_1laCkV9vN8btyXa","Female","30-40","Some College No degree",38.99330139,-92.30780029,3,3,4,2,2,"All of the above","All of the above","Python is an interpreted programming language","Great Starter Language","Video1-1(Treatment)",1,"Treatment",1,0,0,0,0.25,2.5
"R_3GEbulKl8xII9WO","Male","50+","Bachelors degree",42.88949585,-87.90740204,4,4,5,5,4,"All of the above","Both A & B","Python is a compiled programming language with a faster and more efficient execution time than interpreted programming languages","Great Advanced Language","Video2-1(Treatment)",1,"Treatment",1,1,1,1,1,4.25
"R_3ewPJY5IiNb3w7h","Male","40-50","High school diploma",34.10479736,-82.84729767,2,4,4,3,4,"All of the above","Both A & B","Python is an interpreted programming language","Easy to Learn","Video1-2(Control)",0,"Control",1,1,0,0,0.5,3.25
"R_242e9FmMJqRgzKe","Male","40-50","High school diploma",35.28419495,-80.87190247,2,4,4,3,4,"All of the above","All of the above","Python is an interpreted programming language","Great Advanced Language","Video3-2(Control)",0,"Control",1,0,0,1,0.5,3.25
"R_3MimZ7wXbcnicrQ","Female","50+","Some College No degree",39.76100159,-77.56719971,2,4,5,4,4,"All of the above","Both A & B","Python is an interpreted programming language","Great Advanced Language","Video1-2(Control)",0,"Control",1,1,0,1,0.75,3.5
"R_UPWEgozE4uCANK9","Male","50+","Masters degree",42.29029846,-71.07980347,4,4,5,5,4,"Web Applications","A. A programming language designed to be human readable","Python is an interpreted programming language","Wonderful Community","Video2-1(Treatment)",1,"Treatment",0,0,0,0,0,4.25
"R_emlGl5e5QVyOMnL","Male","50+","Some College No degree",39.69929504,-104.8814011,3,3,3,4,3,"All of the above","Both A & B","Python is an object oriented programming language","Great Starter Language","Video1-1(Treatment)",1,"Treatment",1,1,0,0,0.5,3.25
"R_3rNFiBfprKxXKtw","Male","50+","High school diploma",42.15020752,-72.60780334,3,3,4,3,2,"Web Applications","B. A flexible programming language","Python is an interpreted programming language","Wonderful Community","Video2-1(Treatment)",1,"Treatment",0,0,0,0,0,2.75
"R_ZasX9vWs3HejWIV","Female","30-40","Bachelors degree",31.83779907,-106.538002,4,4,4,4,4,"All of the above","All of the above","Python was created by Guido van Rossum in 1991","Great Advanced Language","Video1-1(Treatment)",1,"Treatment",1,0,0,1,0.5,4
"R_3nVDutwb22uT4e0","Male","20-30","Some College No degree",40.66430664,-73.9763031,3,4,5,4,3,"Web Applications","B. A flexible programming language","Python is an object oriented programming language","Great Starter Language","Video1-1(Treatment)",1,"Treatment",0,0,0,0,0,3.5
"R_bviiCY4ldzQXNol","Male","30-40","Bachelors degree",40.84489441,-81.77359772,5,4,5,5,4,"Artificial intelligence projects","B. A flexible programming language","Python is an object oriented programming language","Wonderful Community","Video3-1(Treatment)",1,"Treatment",0,0,0,0,0,4.5
"R_3ha5Li3ntM3pnjt","Female","Other","High school diploma",44.90049744,-93.28849792,3,5,5,4,4,"All of the above","All of the above","Python was created by Guido van Rossum in 1991","Wonderful Community","Video2-2(Control)",0,"Control",1,0,0,0,0.25,4
"R_2e37nMrIJ04BHNM","Female","30-40","Bachelors degree",33.95599365,-118.3887024,2,4,4,4,3,"All of the above","All of the above","Python is a compiled programming language with a faster and more efficient execution time than interpreted programming languages","Great Advanced Language","Video2-2(Control)",0,"Control",1,0,1,1,0.75,3.25
"R_3QXWKkUoUpif4MZ","Female","50+","High school diploma",41.54119873,-88.05460358,1,2,4,2,2,"Automation utilities","Both A & B","Python is a compiled programming language with a faster and more efficient execution time than interpreted programming languages","Wonderful Community","Video2-2(Control)",0,"Control",0,1,1,0,0.5,1.75
"R_BV52ZitHlTE03Jv","Female","20-30","High school diploma",39.14720154,-94.78739929,1,5,5,5,3,"All of the above","Both A & B","Python is a compiled programming language with a faster and more efficient execution time than interpreted programming languages","Easy to Learn","Video3-2(Control)",0,"Control",1,1,1,0,0.75,3.5
"R_2WOyka0WC32wVlX","Female","40-50","Some College No degree",28.06080627,-80.67220306,2,4,3,5,3,"All of the above","A. A programming language designed to be human readable","Python is an object oriented programming language","Wonderful Community","Video2-1(Treatment)",1,"Treatment",1,0,0,0,0.25,3.5
"R_1OTC0m8WYFfnqvN","Female","50+","Bachelors degree",40.75920105,-111.8874969,3,4,3,4,3,"All of the above","All of the above","Python is an object oriented programming language","Great Advanced Language","Video3-1(Treatment)",1,"Treatment",1,0,0,1,0.5,3.5
"R_Zq25SwXpu4Xpw2d","Male","30-40","Bachelors degree",33.4848938,-86.85959625,1,4,1,3,2,"Web Applications","B. A flexible programming language","Python is an interpreted programming language","Wonderful Community","Video3-1(Treatment)",1,"Treatment",0,0,0,0,0,2.5
"R_3dDLnAiteibHmxw","Female","50+","High school diploma",33.99159241,-83.89009857,3,4,3,3,3,"All of the above","Both A & B","Python is an object oriented programming language","Great Advanced Language","Video3-1(Treatment)",1,"Treatment",1,1,0,1,0.75,3.25
"R_1i5u3GpxkxjjIfz","Male","40-50","Associates degree",41.66799927,-86.31439972,2,3,4,3,4,"Web Applications","Both A & B","Python is an interpreted programming language","Wonderful Community","Video1-2(Control)",0,"Control",0,1,0,0,0.25,3
"R_3dRMBeTN5oOHDr1","Male","50+","Some College No degree",40.00549316,-74.99790192,1,3,4,2,3,"All of the above","All of the above","Python is a compiled programming language with a faster and more efficient execution time than interpreted programming languages","Easy to Learn","Video1-2(Control)",0,"Control",1,0,1,0,0.5,2.25
"R_3ptIWQRhLDuHnKS","Male","20-30","Masters degree",28.63439941,-81.62210083,3,3,3,3,3,"Web Applications","Both A & B","Python is a compiled programming language with a faster and more efficient execution time than interpreted programming languages","Great Advanced Language","Video3-2(Control)",0,"Control",0,1,1,1,0.75,3
"R_ZwQt7YlCP63eciB","Male","30-40","Some College No degree",42.09919739,-88.29270172,2,4,4,4,5,"All of the above","Both A & B","Python is a compiled programming language with a faster and more efficient execution time than interpreted programming languages","Great Advanced Language","Video3-2(Control)",0,"Control",1,1,1,1,1,3.75
"R_2fkrvnRzBYuQUTK","Male","40-50","Bachelors degree",25.95849609,-80.13809967,3,4,4,4,4,"All of the above","Both A & B","Python was created by Guido van Rossum in 1991","Wonderful Community","Video3-2(Control)",0,"Control",1,1,0,0,0.5,3.75
"R_2CvP0Zjyz38IRsD","Male","40-50","Bachelors degree",33.41659546,-86.77950287,4,4,4,4,4,"All of the above","All of the above","Python is a compiled programming language with a faster and more efficient execution time than interpreted programming languages","Great Advanced Language","Video3-2(Control)",0,"Control",1,0,1,1,0.75,4
"R_6VbMKlaT3ZksRaN","Male","40-50","Some College No degree",42.31199646,-71.10810089,4,4,4,3,4,"Artificial intelligence projects","Both A & B","Python is an object oriented programming language","Great Advanced Language","Video3-2(Control)",0,"Control",0,1,0,1,0.5,3.75
"R_9AZlbT5iuv6h2F3","Male","40-50","High school diploma",33.84049988,-117.9525986,2,4,4,4,4,"All of the above","All of the above","Python is a compiled programming language with a faster and more efficient execution time than interpreted programming languages","Great Advanced Language","Video3-2(Control)",0,"Control",1,0,1,1,0.75,3.5
